<?xml version="1.0" encoding="UTF-8"?>
<project-private xmlns="http://www.netbeans.org/ns/project-private/1">
    <editor-bookmarks xmlns="http://www.netbeans.org/ns/editor-bookmarks/2" lastBookmarkId="0"/>
    <open-files xmlns="http://www.netbeans.org/ns/projectui-open-files/2">
        <group>
            <file>file:/C:/Users/Michele/Desktop/23_05_2024-00_51SpvInv/src/pkg16/pkg05/pkg2024/spinv/GamePanel.java</file>
            <file>file:/C:/Users/Michele/Desktop/23_05_2024-00_51SpvInv/src/pkg16/pkg05/pkg2024/spinv/SpInv.java</file>
            <file>file:/C:/Users/Michele/Desktop/23_05_2024-00_51SpvInv/src/pkg16/pkg05/pkg2024/spinv/Player.java</file>
            <file>file:/C:/Users/Michele/Desktop/23_05_2024-00_51SpvInv/src/pkg16/pkg05/pkg2024/spinv/GameFrame.java</file>
        </group>
    </open-files>
</project-private>
